"ID"	"study_day"	"subj_day"	"CollectionDate"	"Subject"	"Subj_Certainty"	"probiotic"	"StudbookID"	"Sex"	"MotherID"	"FatherID"	"BirthYear"	"BirthLocation"	"SubjectAge"	"oatgel"	"steroid"	"cauliflower"	"tomatoes"	"broccoli"	"med_type"	"med_name"	"med_dose"	"dose_units"	"enclosure"	"access"	"estrus"	"pregnant"	"health_note"	"repro_note"	"SampleNotes"
"hdz-095"	1	"W1"	2023-10-26	"warble"	"yes"	"no"	"2677"	"F"	"2502"	"2496"	2017	"DUKE PRIM"	6	"no"	0	"yes"	"yes"	"yes"	"none"	"none"	0	"mg/day"	"old"	"yes"	"yes"	"no"	NA	NA	""
"hdz-005"	2	"W2"	2023-10-27	"warble"	"yes"	"no"	"2677"	"F"	"2502"	"2496"	2017	"DUKE PRIM"	6	"no"	0	"yes"	"yes"	"yes"	"none"	"none"	0	"mg/day"	"old"	"yes"	"yes"	"no"	NA	NA	"Suspected date of conception"
"hdz-004"	3	"W3"	2023-10-28	"warble"	"yes"	"no"	"2677"	"F"	"2502"	"2496"	2017	"DUKE PRIM"	6	"no"	0	"yes"	"yes"	"yes"	"none"	"none"	0	"mg/day"	"old"	"yes"	"yes"	"no"	NA	NA	"Vaginal closure began"
"hdz-019"	4	"W4"	2023-10-29	"warble"	"yes"	"no"	"2677"	"F"	"2502"	"2496"	2017	"DUKE PRIM"	6	"no"	0	"yes"	"yes"	"yes"	"none"	"none"	0	"mg/day"	"old"	"yes"	"yes"	"no"	NA	NA	"Complete vaginal closure"
"hdz-025"	6	"W6"	2023-10-31	"warble"	"yes"	"no"	"2677"	"F"	"2502"	"2496"	2017	"DUKE PRIM"	6	"no"	0	"yes"	"yes"	"yes"	"none"	"none"	0	"mg/day"	"old"	"no"	"no"	"no"	NA	NA	""
"hdz-002"	7	"W7"	2023-11-01	"warble"	"yes"	"no"	"2677"	"F"	"2502"	"2496"	2017	"DUKE PRIM"	6	"no"	0	"yes"	"yes"	"yes"	"none"	"none"	0	"mg/day"	"old"	"no"	"no"	"no"	NA	NA	""
"hdz-023"	9	"W9"	2023-11-03	"warble"	"yes"	"no"	"2677"	"F"	"2502"	"2496"	2017	"DUKE PRIM"	6	"no"	0	"yes"	"yes"	"yes"	"none"	"none"	0	"mg/day"	"old"	"no"	"no"	"no"	NA	NA	""
"hdz-001"	10	"W10"	2023-11-04	"warble"	"yes"	"no"	"2677"	"F"	"2502"	"2496"	2017	"DUKE PRIM"	6	"no"	0	"yes"	"yes"	"yes"	"none"	"none"	0	"mg/day"	"old"	"no"	"no"	"no"	NA	NA	""
"hdz-030"	12	"W12"	2023-11-06	"warble"	"yes"	"no"	"2677"	"F"	"2502"	"2496"	2017	"DUKE PRIM"	6	"no"	0	"yes"	"yes"	"yes"	"none"	"none"	0	"mg/day"	"old"	"no"	"no"	"no"	NA	NA	""
"hdz-050"	14	"W14"	2023-11-08	"warble"	"yes"	"no"	"2677"	"F"	"2502"	"2496"	2017	"DUKE PRIM"	6	"no"	0	"yes"	"yes"	"yes"	"none"	"none"	0	"mg/day"	"old"	"no"	"no"	"no"	NA	NA	""
"hdz-036"	15	"W15"	2023-11-09	"warble"	"yes"	"no"	"2677"	"F"	"2502"	"2496"	2017	"DUKE PRIM"	6	"no"	0	"yes"	"yes"	"yes"	"none"	"none"	0	"mg/day"	"old"	"no"	"no"	"no"	NA	NA	""
"hdz-067"	33	"W33"	2023-11-27	"warble"	"no"	"no"	"2677"	"F"	"2502"	"2496"	2017	"DUKE PRIM"	6	"no"	0	"yes"	"yes"	"yes"	"none"	"none"	0	"mg/day"	"old"	"no"	"no"	"no"	NA	NA	""
"hdz-186"	42	"W42"	2023-12-06	"warble"	"yes"	"no"	"2677"	"F"	"2502"	"2496"	2017	"DUKE PRIM"	6	"no"	0	"yes"	"yes"	"yes"	"none"	"none"	0	"mg/day"	"old"	"no"	"no"	"no"	NA	NA	""
"hdz-183"	43	"W43"	2023-12-07	"warble"	"yes"	"no"	"2677"	"F"	"2502"	"2496"	2017	"DUKE PRIM"	6	"no"	0	"yes"	"yes"	"yes"	"none"	"none"	0	"mg/day"	"old"	"no"	"no"	"no"	NA	NA	""
"hdz-195"	45	"W45"	2023-12-09	"warble"	"yes"	"no"	"2677"	"F"	"2502"	"2496"	2017	"DUKE PRIM"	6	"no"	0	"yes"	"yes"	"yes"	"none"	"none"	0	"mg/day"	"old"	"no"	"no"	"no"	NA	NA	""
"hdz-157"	50	"W50"	2023-12-14	"warble"	"yes"	"no"	"2677"	"F"	"2502"	"2496"	2017	"DUKE PRIM"	6	"no"	0	"yes"	"yes"	"yes"	"none"	"none"	0	"mg/day"	"old"	"no"	"no"	"no"	NA	NA	""
"hdz-173"	50	"W50"	2023-12-14	"warble"	"yes"	"no"	"2677"	"F"	"2502"	"2496"	2017	"DUKE PRIM"	6	"no"	0	"yes"	"yes"	"yes"	"none"	"none"	0	"mg/day"	"old"	"no"	"no"	"no"	NA	NA	""
"hdz-161"	52	"W52"	2023-12-16	"warble"	"yes"	"no"	"2677"	"F"	"2502"	"2496"	2017	"DUKE PRIM"	6	"no"	0	"yes"	"yes"	"yes"	"none"	"none"	0	"mg/day"	"old"	"no"	"no"	"no"	NA	NA	""
"hdz-162"	53	"W53"	2023-12-17	"warble"	"yes"	"no"	"2677"	"F"	"2502"	"2496"	2017	"DUKE PRIM"	6	"no"	0	"yes"	"yes"	"yes"	"none"	"none"	0	"mg/day"	"old"	"no"	"no"	"no"	NA	NA	""
"hdz-170"	54	"W54"	2023-12-18	"warble"	"yes"	"no"	"2677"	"F"	"2502"	"2496"	2017	"DUKE PRIM"	6	"no"	0	"yes"	"yes"	"yes"	"none"	"none"	0	"mg/day"	"old"	"no"	"no"	"no"	NA	NA	""
"hdz-099"	57	"W57"	2023-12-21	"warble"	"yes"	"no"	"2677"	"F"	"2502"	"2496"	2017	"DUKE PRIM"	6	"no"	0	"yes"	"yes"	"yes"	"none"	"none"	0	"mg/day"	"old"	"no"	"no"	"no"	NA	NA	""
"hdz-103"	58	"W58"	2023-12-22	"warble"	"yes"	"no"	"2677"	"F"	"2502"	"2496"	2017	"DUKE PRIM"	6	"no"	0	"yes"	"yes"	"yes"	"none"	"none"	0	"mg/day"	"old"	"no"	"no"	"no"	NA	NA	""
"hdz-101"	60	"W60"	2023-12-24	"warble"	"yes"	"no"	"2677"	"F"	"2502"	"2496"	2017	"DUKE PRIM"	6	"no"	0	"yes"	"yes"	"yes"	"none"	"none"	0	"mg/day"	"old"	"no"	"no"	"no"	NA	NA	"Very little stabilizer in the tube"
"hdz-096"	63	"W63"	2023-12-27	"warble"	"yes"	"no"	"2677"	"F"	"2502"	"2496"	2017	"DUKE PRIM"	6	"no"	0	"yes"	"yes"	"yes"	"none"	"none"	0	"mg/day"	"old"	"no"	"no"	"no"	NA	NA	""
"hdz-106"	68	"W68"	2024-01-01	"warble"	"yes"	"no"	"2677"	"F"	"2502"	"2496"	2017	"DUKE PRIM"	7	"no"	0	"yes"	"yes"	"yes"	"none"	"none"	0	"mg/day"	"old"	"no"	"no"	"no"	NA	NA	""
"hdz-107"	69	"W69"	2024-01-02	"warble"	"yes"	"no"	"2677"	"F"	"2502"	"2496"	2017	"DUKE PRIM"	7	"no"	0	"yes"	"yes"	"yes"	"none"	"none"	0	"mg/day"	"old"	"no"	"no"	"no"	NA	NA	""
"hdz-193"	73	"W73"	2024-01-06	"warble"	"yes"	"no"	"2677"	"F"	"2502"	"2496"	2017	"DUKE PRIM"	7	"no"	0	"yes"	"yes"	"yes"	"none"	"none"	0	"mg/day"	"old"	"no"	"no"	"no"	NA	NA	""
"hdz-259"	80	"W80"	2024-01-13	"warble"	"yes"	"no"	"2677"	"F"	"2502"	"2496"	2017	"DUKE PRIM"	7	"no"	0	"yes"	"yes"	"yes"	"none"	"none"	0	"mg/day"	"old"	"no"	"no"	"no"	NA	NA	""
"hdz-251"	83	"W83"	2024-01-16	"warble"	"yes"	"no"	"2677"	"F"	"2502"	"2496"	2017	"DUKE PRIM"	7	"no"	0	"yes"	"yes"	"yes"	"none"	"none"	0	"mg/day"	"old"	"no"	"no"	"no"	NA	NA	""
"hdz-323"	84	"W84"	2024-01-17	"warble"	"yes"	"no"	"2677"	"F"	"2502"	"2496"	2017	"DUKE PRIM"	7	"no"	0	"yes"	"yes"	"yes"	"none"	"none"	0	"mg/day"	"old"	"no"	"no"	"no"	NA	NA	""
"hdz-246"	85	"W85"	2024-01-18	"warble"	"yes"	"no"	"2677"	"F"	"2502"	"2496"	2017	"DUKE PRIM"	7	"no"	0	"yes"	"yes"	"yes"	"none"	"none"	0	"mg/day"	"old"	"no"	"no"	"no"	NA	NA	""
"hdz-247"	87	"W87"	2024-01-20	"warble"	"yes"	"no"	"2677"	"F"	"2502"	"2496"	2017	"DUKE PRIM"	7	"no"	0	"yes"	"yes"	"yes"	"none"	"none"	0	"mg/day"	"old"	"no"	"no"	"no"	NA	NA	""
"hdz-248"	88	"W88"	2024-01-21	"warble"	"yes"	"no"	"2677"	"F"	"2502"	"2496"	2017	"DUKE PRIM"	7	"no"	0	"yes"	"yes"	"yes"	"none"	"none"	0	"mg/day"	"old"	"no"	"no"	"no"	NA	NA	""
"hdz-267"	89	"W89"	2024-01-22	"warble"	"yes"	"no"	"2677"	"F"	"2502"	"2496"	2017	"DUKE PRIM"	7	"no"	0	"yes"	"yes"	"yes"	"none"	"none"	0	"mg/day"	"old"	"no"	"no"	"no"	NA	NA	""
"hdz-265"	90	"W90"	2024-01-23	"warble"	"yes"	"no"	"2677"	"F"	"2502"	"2496"	2017	"DUKE PRIM"	7	"no"	0	"yes"	"yes"	"yes"	"none"	"none"	0	"mg/day"	"old"	"no"	"no"	"no"	NA	NA	""
"hdz-209"	93	"W93"	2024-01-26	"warble"	"yes"	"no"	"2677"	"F"	"2502"	"2496"	2017	"DUKE PRIM"	7	"no"	0	"yes"	"yes"	"yes"	"none"	"none"	0	"mg/day"	"old"	"no"	"no"	"no"	NA	NA	""
"hdz-207"	94	"W94"	2024-01-27	"warble"	"yes"	"no"	"2677"	"F"	"2502"	"2496"	2017	"DUKE PRIM"	7	"no"	0	"yes"	"yes"	"yes"	"none"	"none"	0	"mg/day"	"old"	"no"	"no"	"no"	NA	NA	""
"hdz-260"	95	"W95"	2024-01-28	"warble"	"yes"	"no"	"2677"	"F"	"2502"	"2496"	2017	"DUKE PRIM"	7	"no"	0	"yes"	"yes"	"yes"	"none"	"none"	0	"mg/day"	"old"	"no"	"no"	"no"	NA	NA	""
"hdz-205"	96	"W96"	2024-01-29	"warble"	"yes"	"no"	"2677"	"F"	"2502"	"2496"	2017	"DUKE PRIM"	7	"no"	0	"yes"	"yes"	"yes"	"none"	"none"	0	"mg/day"	"old"	"no"	"no"	"no"	NA	NA	""
"hdz-208"	97	"W97"	2024-01-30	"warble"	"yes"	"no"	"2677"	"F"	"2502"	"2496"	2017	"DUKE PRIM"	7	"no"	0	"yes"	"yes"	"yes"	"none"	"none"	0	"mg/day"	"old"	"no"	"no"	"no"	NA	NA	""
"hdz-194"	100	"W100"	2024-02-02	"warble"	"yes"	"no"	"2677"	"F"	"2502"	"2496"	2017	"DUKE PRIM"	7	"no"	0	"yes"	"yes"	"yes"	"none"	"none"	0	"mg/day"	"old"	"no"	"no"	"no"	NA	NA	""
"hdz-200"	101	"W101"	2024-02-03	"warble"	"yes"	"no"	"2677"	"F"	"2502"	"2496"	2017	"DUKE PRIM"	7	"no"	0	"yes"	"yes"	"yes"	"none"	"none"	0	"mg/day"	"old"	"no"	"no"	"no"	NA	NA	""
"hdz-239"	103	"W103"	2024-02-05	"warble"	"yes"	"no"	"2677"	"F"	"2502"	"2496"	2017	"DUKE PRIM"	7	"no"	0	"yes"	"yes"	"yes"	"none"	"none"	0	"mg/day"	"old"	"no"	"no"	"no"	NA	NA	""
"hdz-199"	104	"W104"	2024-02-06	"warble"	"yes"	"no"	"2677"	"F"	"2502"	"2496"	2017	"DUKE PRIM"	7	"no"	0	"yes"	"yes"	"yes"	"none"	"none"	0	"mg/day"	"old"	"no"	"no"	"no"	NA	NA	""
"hdz-237"	106	"W106"	2024-02-08	"warble"	"yes"	"no"	"2677"	"F"	"2502"	"2496"	2017	"DUKE PRIM"	7	"no"	0	"yes"	"yes"	"yes"	"none"	"none"	0	"mg/day"	"old"	"no"	"no"	"no"	NA	NA	""
"hdz-307"	107	"W107"	2024-02-09	"warble"	"yes"	"no"	"2677"	"F"	"2502"	"2496"	2017	"DUKE PRIM"	7	"no"	0	"yes"	"yes"	"yes"	"none"	"none"	0	"mg/day"	"old"	"no"	"no"	"no"	NA	NA	""
"hdz-315"	108	"W108"	2024-02-10	"warble"	"yes"	"no"	"2677"	"F"	"2502"	"2496"	2017	"DUKE PRIM"	7	"no"	0	"yes"	"yes"	"yes"	"none"	"none"	0	"mg/day"	"old"	"no"	"no"	"no"	NA	NA	""
"hdz-306"	109	"W109"	2024-02-11	"warble"	"yes"	"no"	"2677"	"F"	"2502"	"2496"	2017	"DUKE PRIM"	7	"no"	0	"yes"	"yes"	"yes"	"none"	"none"	0	"mg/day"	"old"	"no"	"no"	"no"	NA	NA	""
"hdz-331"	110	"W110"	2024-02-12	"warble"	"yes"	"no"	"2677"	"F"	"2502"	"2496"	2017	"DUKE PRIM"	7	"no"	0	"yes"	"yes"	"yes"	"none"	"none"	0	"mg/day"	"old"	"no"	"no"	"no"	NA	NA	""
"hdz-303"	111	"W111"	2024-02-13	"warble"	"yes"	"no"	"2677"	"F"	"2502"	"2496"	2017	"DUKE PRIM"	7	"no"	0	"yes"	"yes"	"yes"	"none"	"none"	0	"mg/day"	"old"	"no"	"no"	"no"	NA	NA	""
"hdz-312"	112	"W112"	2024-02-14	"warble"	"yes"	"no"	"2677"	"F"	"2502"	"2496"	2017	"DUKE PRIM"	7	"no"	0	"yes"	"yes"	"yes"	"none"	"none"	0	"mg/day"	"old"	"no"	"no"	"no"	NA	NA	""
"hdz-313"	114	"W114"	2024-02-16	"warble"	"yes"	"no"	"2677"	"F"	"2502"	"2496"	2017	"DUKE PRIM"	7	"no"	0	"yes"	"yes"	"yes"	"none"	"none"	0	"mg/day"	"old"	"no"	"no"	"no"	NA	NA	""
"hdz-333"	117	"W117"	2024-02-19	"warble"	"yes"	"no"	"2677"	"F"	"2502"	"2496"	2017	"DUKE PRIM"	7	"no"	0	"yes"	"yes"	"yes"	"none"	"none"	0	"mg/day"	"old"	"no"	"no"	"no"	NA	NA	""
"hdz-335"	118	"W118"	2024-02-20	"warble"	"yes"	"no"	"2677"	"F"	"2502"	"2496"	2017	"DUKE PRIM"	7	"no"	0	"yes"	"yes"	"yes"	"none"	"none"	0	"mg/day"	"old"	"no"	"no"	"no"	NA	NA	""
"hdz-332"	119	"W119"	2024-02-21	"warble"	"yes"	"no"	"2677"	"F"	"2502"	"2496"	2017	"DUKE PRIM"	7	"no"	0	"yes"	"yes"	"yes"	"none"	"none"	0	"mg/day"	"old"	"no"	"no"	"no"	NA	NA	""
"hdz-325"	120	"W120"	2024-02-22	"warble"	"yes"	"no"	"2677"	"F"	"2502"	"2496"	2017	"DUKE PRIM"	7	"no"	0	"yes"	"yes"	"yes"	"none"	"none"	0	"mg/day"	"old"	"no"	"no"	"no"	NA	NA	""
"hdz-242"	121	"W121"	2024-02-23	"warble"	"yes"	"no"	"2677"	"F"	"2502"	"2496"	2017	"DUKE PRIM"	7	"no"	0	"yes"	"yes"	"yes"	"none"	"none"	0	"mg/day"	"old"	"no"	"no"	"no"	NA	NA	""
"hdz-334"	122	"W122"	2024-02-24	"warble"	"yes"	"no"	"2677"	"F"	"2502"	"2496"	2017	"DUKE PRIM"	7	"no"	0	"yes"	"yes"	"yes"	"none"	"none"	0	"mg/day"	"old"	"no"	"no"	"no"	NA	NA	""
"hdz-302"	123	"W123"	2024-02-25	"warble"	"yes"	"no"	"2677"	"F"	"2502"	"2496"	2017	"DUKE PRIM"	7	"no"	0	"yes"	"yes"	"yes"	"none"	"none"	0	"mg/day"	"old"	"no"	"no"	"no"	NA	NA	""
"hdz-232"	126	"W126"	2024-02-28	"warble"	"yes"	"no"	"2677"	"F"	"2502"	"2496"	2017	"DUKE PRIM"	7	"no"	0	"yes"	"yes"	"yes"	"none"	"none"	0	"mg/day"	"old"	"no"	"no"	"no"	NA	NA	""
"hdz-309"	127	"W127"	2024-02-29	"warble"	"yes"	"no"	"2677"	"F"	"2502"	"2496"	2017	"DUKE PRIM"	7	"no"	0	"yes"	"yes"	"yes"	"none"	"none"	0	"mg/day"	"new"	"no"	"no"	"no"	NA	NA	""
"hdz-337"	135	"W135"	2024-03-08	"warble"	"yes"	"no"	"2677"	"F"	"2502"	"2496"	2017	"DUKE PRIM"	7	"no"	0	"yes"	"yes"	"yes"	"none"	"none"	0	"mg/day"	"new"	"no"	"no"	"no"	NA	NA	""
"hdz-344"	136	"W136"	2024-03-09	"warble"	"yes"	"no"	"2677"	"F"	"2502"	"2496"	2017	"DUKE PRIM"	7	"no"	0	"yes"	"yes"	"yes"	"none"	"none"	0	"mg/day"	"new"	"no"	"no"	"no"	NA	NA	""
"hdz-338"	137	"W137"	2024-03-10	"warble"	"yes"	"no"	"2677"	"F"	"2502"	"2496"	2017	"DUKE PRIM"	7	"no"	0	"yes"	"yes"	"yes"	"none"	"none"	0	"mg/day"	"new"	"no"	"no"	"no"	NA	NA	""
"hdz-409"	139	"W139"	2024-03-12	"warble"	"yes"	"no"	"2677"	"F"	"2502"	"2496"	2017	"DUKE PRIM"	7	"no"	0	"yes"	"yes"	"yes"	"none"	"none"	0	"mg/day"	"new"	"no"	"no"	"no"	NA	NA	""
"hdz-346"	140	"W140"	2024-03-13	"warble"	"yes"	"no"	"2677"	"F"	"2502"	"2496"	2017	"DUKE PRIM"	7	"no"	0	"yes"	"yes"	"yes"	"none"	"none"	0	"mg/day"	"new"	"no"	"no"	"no"	NA	NA	""
"hdz-210"	141	"W141"	2024-03-14	"warble"	"yes"	"no"	"2677"	"F"	"2502"	"2496"	2017	"DUKE PRIM"	7	"no"	0	"yes"	"yes"	"yes"	"none"	"none"	0	"mg/day"	"new"	"no"	"no"	"no"	NA	NA	""
"hdz-393"	144	"W144"	2024-03-17	"warble"	"yes"	"no"	"2677"	"F"	"2502"	"2496"	2017	"DUKE PRIM"	7	"no"	0	"yes"	"yes"	"yes"	"none"	"none"	0	"mg/day"	"new"	"no"	"no"	"no"	NA	NA	""
"hdz-340"	145	"W145"	2024-03-18	"warble"	"yes"	"no"	"2677"	"F"	"2502"	"2496"	2017	"DUKE PRIM"	7	"no"	0	"yes"	"yes"	"yes"	"none"	"none"	0	"mg/day"	"new"	"no"	"no"	"no"	NA	NA	""
"hdz-349"	147	"W147"	2024-03-20	"warble"	"yes"	"no"	"2677"	"F"	"2502"	"2496"	2017	"DUKE PRIM"	7	"no"	0	"yes"	"yes"	"yes"	"none"	"none"	0	"mg/day"	"new"	"no"	"no"	"no"	NA	NA	""
"hdz-218"	148	"W148"	2024-03-21	"warble"	"yes"	"no"	"2677"	"F"	"2502"	"2496"	2017	"DUKE PRIM"	7	"no"	0	"yes"	"yes"	"yes"	"none"	"none"	0	"mg/day"	"new"	"no"	"no"	"no"	NA	"swollen_vulva"	""
"hdz-406"	149	"W149"	2024-03-22	"warble"	"yes"	"no"	"2677"	"F"	"2502"	"2496"	2017	"DUKE PRIM"	7	"no"	0	"yes"	"yes"	"yes"	"none"	"none"	0	"mg/day"	"new"	"no"	"yes"	"no"	NA	NA	""
"hdz-391"	150	"W150"	2024-03-23	"warble"	"yes"	"no"	"2677"	"F"	"2502"	"2496"	2017	"DUKE PRIM"	7	"no"	0	"yes"	"yes"	"yes"	"none"	"none"	0	"mg/day"	"new"	"no"	"yes"	"no"	NA	NA	""
"hdz-316"	151	"W151"	2024-03-24	"warble"	"yes"	"no"	"2677"	"F"	"2502"	"2496"	2017	"DUKE PRIM"	7	"no"	0	"yes"	"yes"	"yes"	"none"	"none"	0	"mg/day"	"new"	"no"	"yes"	"no"	NA	NA	""
"hdz-223"	152	"W152"	2024-03-25	"warble"	"yes"	"no"	"2677"	"F"	"2502"	"2496"	2017	"DUKE PRIM"	7	"no"	0	"yes"	"yes"	"yes"	"none"	"none"	0	"mg/day"	"new"	"no"	"yes"	"no"	NA	NA	""
"hdz-217"	153	"W153"	2024-03-26	"warble"	"yes"	"no"	"2677"	"F"	"2502"	"2496"	2017	"DUKE PRIM"	7	"no"	0	"yes"	"yes"	"yes"	"none"	"none"	0	"mg/day"	"new"	"no"	"yes"	"no"	NA	NA	""
"hdz-228"	154	"W154"	2024-03-27	"warble"	"yes"	"no"	"2677"	"F"	"2502"	"2496"	2017	"DUKE PRIM"	7	"no"	0	"yes"	"yes"	"yes"	"none"	"none"	0	"mg/day"	"new"	"no"	"yes"	"no"	NA	NA	""
"hdz-403"	157	"W157"	2024-03-30	"warble"	"yes"	"no"	"2677"	"F"	"2502"	"2496"	2017	"DUKE PRIM"	7	"no"	0	"yes"	"yes"	"yes"	"none"	"none"	0	"mg/day"	"new"	"no"	"yes"	"no"	NA	NA	""
"hdz-402"	158	"W158"	2024-03-31	"warble"	"yes"	"no"	"2677"	"F"	"2502"	"2496"	2017	"DUKE PRIM"	7	"no"	0	"yes"	"yes"	"yes"	"none"	"none"	0	"mg/day"	"new"	"no"	"yes"	"no"	NA	NA	""
"hdz-387"	159	"W159"	2024-04-01	"warble"	"yes"	"no"	"2677"	"F"	"2502"	"2496"	2017	"DUKE PRIM"	7	"no"	0	"yes"	"yes"	"yes"	"none"	"none"	0	"mg/day"	"new"	"no"	"yes"	"no"	NA	NA	"Warble vulva swollen"
"hdz-376"	161	"W161"	2024-04-03	"warble"	"yes"	"no"	"2677"	"F"	"2502"	"2496"	2017	"DUKE PRIM"	7	"no"	0	"yes"	"yes"	"yes"	"none"	"none"	0	"mg/day"	"new"	"yes"	"yes"	"no"	NA	"copulation_observed"	"Warble and Culi resting together"
"hdz-378"	164	"W164"	2024-04-06	"warble"	"yes"	"no"	"2677"	"F"	"2502"	"2496"	2017	"DUKE PRIM"	7	"no"	0	"yes"	"yes"	"yes"	"none"	"none"	0	"mg/day"	"new"	"yes"	"no"	"yes"	NA	NA	""
"hdz-379"	170	"W170"	2024-04-12	"warble"	"yes"	"no"	"2677"	"F"	"2502"	"2496"	2017	"DUKE PRIM"	7	"no"	0	"yes"	"yes"	"yes"	"none"	"none"	0	"mg/day"	"new"	"yes"	"no"	"yes"	NA	NA	""
"hdz-359"	173	"W173"	2024-04-15	"warble"	"yes"	"no"	"2677"	"F"	"2502"	"2496"	2017	"DUKE PRIM"	7	"no"	0	"yes"	"yes"	"yes"	"none"	"none"	0	"mg/day"	"new"	"yes"	"no"	"yes"	NA	NA	""
"hdz-355"	178	"W178"	2024-04-20	"warble"	"yes"	"no"	"2677"	"F"	"2502"	"2496"	2017	"DUKE PRIM"	7	"no"	0	"yes"	"yes"	"yes"	"none"	"none"	0	"mg/day"	"new"	"no"	"no"	"yes"	NA	NA	""
"hdz-360"	180	"W180"	2024-04-22	"warble"	"yes"	"no"	"2677"	"F"	"2502"	"2496"	2017	"DUKE PRIM"	7	"no"	0	"yes"	"yes"	"yes"	"none"	"none"	0	"mg/day"	"new"	"no"	"no"	"yes"	NA	NA	""
"hdz-380"	181	"W181"	2024-04-23	"warble"	"yes"	"no"	"2677"	"F"	"2502"	"2496"	2017	"DUKE PRIM"	7	"no"	0	"yes"	"yes"	"yes"	"none"	"none"	0	"mg/day"	"new"	"no"	"no"	"yes"	NA	NA	""
"hdz-451"	185	"W185"	2024-04-27	"warble"	"yes"	"no"	"2677"	"F"	"2502"	"2496"	2017	"DUKE PRIM"	7	"no"	0	"yes"	"yes"	"yes"	"none"	"none"	0	"mg/day"	"new"	"no"	"no"	"yes"	NA	NA	""
"hdz-453"	187	"W187"	2024-04-29	"warble"	"yes"	"no"	"2677"	"F"	"2502"	"2496"	2017	"DUKE PRIM"	7	"no"	0	"yes"	"yes"	"yes"	"none"	"none"	0	"mg/day"	"new"	"no"	"no"	"yes"	NA	NA	""
"hdz-449"	188	"W188"	2024-04-30	"warble"	"yes"	"no"	"2677"	"F"	"2502"	"2496"	2017	"DUKE PRIM"	7	"no"	0	"yes"	"yes"	"yes"	"none"	"none"	0	"mg/day"	"new"	"no"	"no"	"yes"	NA	NA	""
"hdz-448"	189	"W189"	2024-05-01	"warble"	"yes"	"no"	"2677"	"F"	"2502"	"2496"	2017	"DUKE PRIM"	7	"no"	0	"yes"	"yes"	"yes"	"none"	"none"	0	"mg/day"	"new"	"no"	"no"	"yes"	NA	NA	""
"hdz-439"	191	"W191"	2024-05-03	"warble"	"yes"	"no"	"2677"	"F"	"2502"	"2496"	2017	"DUKE PRIM"	7	"no"	0	"yes"	"yes"	"yes"	"none"	"none"	0	"mg/day"	"new"	"no"	"no"	"yes"	NA	NA	""
"hdz-432"	192	"W192"	2024-05-04	"warble"	"yes"	"no"	"2677"	"F"	"2502"	"2496"	2017	"DUKE PRIM"	7	"no"	0	"yes"	"yes"	"yes"	"none"	"none"	0	"mg/day"	"new"	"no"	"no"	"yes"	NA	NA	""
"hdz-440"	197	"W197"	2024-05-09	"warble"	"yes"	"no"	"2677"	"F"	"2502"	"2496"	2017	"DUKE PRIM"	7	"no"	0	"yes"	"yes"	"yes"	"none"	"none"	0	"mg/day"	"new"	"no"	"no"	"yes"	NA	NA	""
"hdz-443"	200	"W200"	2024-05-12	"warble"	"yes"	"no"	"2677"	"F"	"2502"	"2496"	2017	"DUKE PRIM"	7	"no"	0	"yes"	"yes"	"yes"	"none"	"none"	0	"mg/day"	"new"	"no"	"no"	"yes"	NA	NA	""
"hdz-165"	202	"W202"	2024-05-14	"warble"	"yes"	"no"	"2677"	"F"	"2502"	"2496"	2017	"DUKE PRIM"	7	"no"	0	"yes"	"yes"	"yes"	"none"	"none"	0	"mg/day"	"new"	"no"	"no"	"yes"	NA	NA	""
"hdz-214"	221	"W221"	2024-06-02	"warble"	"yes"	"no"	"2677"	"F"	"2502"	"2496"	2017	"DUKE PRIM"	7	"no"	0	"yes"	"yes"	"yes"	"none"	"none"	0	"mg/day"	"new"	"no"	"no"	"yes"	NA	NA	""
"hdz-446"	222	"W222"	2024-06-03	"warble"	"yes"	"no"	"2677"	"F"	"2502"	"2496"	2017	"DUKE PRIM"	7	"no"	0	"yes"	"yes"	"yes"	"none"	"none"	0	"mg/day"	"new"	"no"	"no"	"yes"	NA	NA	""
"hdz-447"	224	"W224"	2024-06-05	"warble"	"yes"	"no"	"2677"	"F"	"2502"	"2496"	2017	"DUKE PRIM"	7	"no"	0	"yes"	"yes"	"yes"	"none"	"none"	0	"mg/day"	"new"	"no"	"no"	"yes"	NA	NA	""
"hdz-189"	225	"W225"	2024-06-06	"warble"	"yes"	"no"	"2677"	"F"	"2502"	"2496"	2017	"DUKE PRIM"	7	"no"	0	"yes"	"yes"	"yes"	"none"	"none"	0	"mg/day"	"new"	"no"	"no"	"yes"	NA	NA	""
"hdz-475"	227	"W227"	2024-06-08	"warble"	"yes"	"no"	"2677"	"F"	"2502"	"2496"	2017	"DUKE PRIM"	7	"no"	0	"yes"	"yes"	"yes"	"none"	"none"	0	"mg/day"	"new"	"no"	"no"	"yes"	NA	NA	""
"hdz-441"	228	"W228"	2024-06-09	"warble"	"yes"	"no"	"2677"	"F"	"2502"	"2496"	2017	"DUKE PRIM"	7	"no"	0	"yes"	"yes"	"yes"	"none"	"none"	0	"mg/day"	"new"	"no"	"no"	"yes"	NA	NA	""
"hdz-160"	229	"W229"	2024-06-10	"warble"	"yes"	"no"	"2677"	"F"	"2502"	"2496"	2017	"DUKE PRIM"	7	"no"	0	"yes"	"yes"	"yes"	"none"	"none"	0	"mg/day"	"new"	"no"	"no"	"yes"	NA	NA	""
"hdz-464"	230	"W230"	2024-06-11	"warble"	"yes"	"no"	"2677"	"F"	"2502"	"2496"	2017	"DUKE PRIM"	7	"no"	0	"yes"	"yes"	"yes"	"none"	"none"	0	"mg/day"	"new"	"no"	"no"	"yes"	NA	NA	""
"hdz-164"	232	"W232"	2024-06-13	"warble"	"yes"	"no"	"2677"	"F"	"2502"	"2496"	2017	"DUKE PRIM"	7	"no"	0	"yes"	"yes"	"yes"	"none"	"none"	0	"mg/day"	"new"	"no"	"no"	"yes"	NA	NA	""
"hdz-474"	234	"W234"	2024-06-15	"warble"	"yes"	"no"	"2677"	"F"	"2502"	"2496"	2017	"DUKE PRIM"	7	"no"	0	"yes"	"yes"	"yes"	"none"	"none"	0	"mg/day"	"new"	"no"	"no"	"yes"	NA	NA	""
"hdz-423"	236	"W236"	2024-06-17	"warble"	"yes"	"no"	"2677"	"F"	"2502"	"2496"	2017	"DUKE PRIM"	7	"no"	0	"yes"	"yes"	"yes"	"none"	"none"	0	"mg/day"	"new"	"no"	"no"	"yes"	NA	NA	""
"hdz-416"	240	"W240"	2024-06-21	"warble"	"yes"	"no"	"2677"	"F"	"2502"	"2496"	2017	"DUKE PRIM"	7	"no"	0	"yes"	"yes"	"yes"	"none"	"none"	0	"mg/day"	"new"	"no"	"no"	"yes"	NA	NA	""
"hdz-415"	243	"W243"	2024-06-24	"warble"	"no"	"no"	"2677"	"F"	"2502"	"2496"	2017	"DUKE PRIM"	7	"no"	0	"yes"	"yes"	"yes"	"none"	"none"	0	"mg/day"	"new"	"no"	"no"	"yes"	NA	NA	""
"hdz-414"	245	"W245"	2024-06-26	"warble"	"yes"	"no"	"2677"	"F"	"2502"	"2496"	2017	"DUKE PRIM"	7	"no"	0	"yes"	"yes"	"yes"	"none"	"none"	0	"mg/day"	"new"	"no"	"no"	"yes"	NA	NA	""
"hdz-171"	247	"W247"	2024-06-28	"warble"	"yes"	"no"	"2677"	"F"	"2502"	"2496"	2017	"DUKE PRIM"	7	"no"	0	"yes"	"yes"	"yes"	"none"	"none"	0	"mg/day"	"new"	"no"	"no"	"yes"	NA	NA	""
"hdz-412"	250	"W250"	2024-07-01	"warble"	"yes"	"no"	"2677"	"F"	"2502"	"2496"	2017	"DUKE PRIM"	7	"no"	0	"yes"	"yes"	"yes"	"none"	"none"	0	"mg/day"	"new"	"no"	"no"	"yes"	NA	NA	""
"hdz-159"	251	"W251"	2024-07-02	"warble"	"yes"	"no"	"2677"	"F"	"2502"	"2496"	2017	"DUKE PRIM"	7	"no"	0	"yes"	"yes"	"yes"	"none"	"none"	0	"mg/day"	"new"	"no"	"no"	"yes"	NA	NA	""
"hdz-473"	257	"W257"	2024-07-08	"warble"	"yes"	"no"	"2677"	"F"	"2502"	"2496"	2017	"DUKE PRIM"	7	"no"	0	"yes"	"yes"	"yes"	"none"	"none"	0	"mg/day"	"new"	"no"	"no"	"yes"	NA	NA	""
"hdz-463"	262	"W262"	2024-07-13	"warble"	"yes"	"no"	"2677"	"F"	"2502"	"2496"	2017	"DUKE PRIM"	7	"no"	0	"yes"	"yes"	"yes"	"none"	"none"	0	"mg/day"	"new"	"no"	"no"	"yes"	NA	NA	""
"hdz-158"	265	"W265"	2024-07-16	"warble"	"no"	"no"	"2677"	"F"	"2502"	"2496"	2017	"DUKE PRIM"	7	"no"	0	"yes"	"yes"	"yes"	"none"	"none"	0	"mg/day"	"new"	"no"	"no"	"yes"	NA	NA	""
"hdz-461"	269	"W269"	2024-07-20	"warble"	"yes"	"no"	"2677"	"F"	"2502"	"2496"	2017	"DUKE PRIM"	7	"no"	0	"yes"	"yes"	"yes"	"none"	"none"	0	"mg/day"	"new"	"no"	"no"	"yes"	NA	NA	""
"hdz-466"	272	"W272"	2024-07-23	"warble"	"no"	"no"	"2677"	"F"	"2502"	"2496"	2017	"DUKE PRIM"	7	"no"	0	"yes"	"yes"	"yes"	"none"	"none"	0	"mg/day"	"new"	"no"	"no"	"yes"	NA	NA	""
"hdz-488"	280	"W280"	2024-07-31	"warble"	"yes"	"no"	"2677"	"F"	"2502"	"2496"	2017	"DUKE PRIM"	7	"no"	0	"yes"	"yes"	"yes"	"none"	"none"	0	"mg/day"	"new"	"no"	"no"	"yes"	NA	NA	""
"hdz-483"	282	"W282"	2024-08-02	"warble"	"yes"	"no"	"2677"	"F"	"2502"	"2496"	2017	"DUKE PRIM"	7	"no"	0	"yes"	"yes"	"yes"	"none"	"none"	0	"mg/day"	"new"	"no"	"no"	"yes"	NA	NA	""
"hdz-489"	283	"W283"	2024-08-03	"warble"	"yes"	"no"	"2677"	"F"	"2502"	"2496"	2017	"DUKE PRIM"	7	"no"	0	"yes"	"yes"	"yes"	"none"	"none"	0	"mg/day"	"new"	"no"	"no"	"yes"	NA	NA	""
"hdz-477"	286	"W286"	2024-08-06	"warble"	"yes"	"no"	"2677"	"F"	"2502"	"2496"	2017	"DUKE PRIM"	7	"no"	0	"yes"	"yes"	"yes"	"none"	"none"	0	"mg/day"	"new"	"no"	"no"	"yes"	NA	NA	""
"hdz-484"	292	"W292"	2024-08-12	"warble"	"yes"	"no"	"2677"	"F"	"2502"	"2496"	2017	"DUKE PRIM"	7	"no"	0	"yes"	"yes"	"yes"	"none"	"none"	0	"mg/day"	"new"	"no"	"no"	"yes"	NA	NA	""
"hdz-509"	307	"W307"	2024-08-27	"warble"	"yes"	"no"	"2677"	"F"	"2502"	"2496"	2017	"DUKE PRIM"	7	"no"	0	"yes"	"yes"	"yes"	"none"	"none"	0	"mg/day"	"new"	"no"	"no"	"yes"	NA	NA	""
"hdz-479"	308	"W308"	2024-08-28	"warble"	"yes"	"no"	"2677"	"F"	"2502"	"2496"	2017	"DUKE PRIM"	7	"no"	0	"yes"	"yes"	"yes"	"none"	"none"	0	"mg/day"	"new"	"no"	"no"	"yes"	NA	NA	""
"hdz-480"	315	"W315"	2024-09-04	"warble"	"yes"	"no"	"2677"	"F"	"2502"	"2496"	2017	"DUKE PRIM"	7	"no"	0	"yes"	"yes"	"yes"	"none"	"none"	0	"mg/day"	"new"	"no"	"no"	"yes"	NA	NA	""
"hdz-517"	315	"W315"	2024-09-04	"warble"	"yes"	"no"	"2677"	"F"	"2502"	"2496"	2017	"DUKE PRIM"	7	"no"	0	"yes"	"yes"	"yes"	"none"	"none"	0	"mg/day"	"new"	"no"	"no"	"yes"	NA	NA	""
"hdz-487"	318	"W318"	2024-09-07	"warble"	"yes"	"no"	"2677"	"F"	"2502"	"2496"	2017	"DUKE PRIM"	7	"no"	0	"yes"	"yes"	"yes"	"none"	"none"	0	"mg/day"	"new"	"no"	"no"	"yes"	NA	NA	""
"hdz-481"	319	"W319"	2024-09-08	"warble"	"yes"	"no"	"2677"	"F"	"2502"	"2496"	2017	"DUKE PRIM"	7	"no"	0	"yes"	"yes"	"yes"	"none"	"none"	0	"mg/day"	"new"	"no"	"no"	"yes"	NA	NA	""
"hdz-525"	325	"W325"	2024-09-14	"warble"	"yes"	"no"	"2677"	"F"	"2502"	"2496"	2017	"DUKE PRIM"	7	"no"	0	"yes"	"yes"	"yes"	"none"	"none"	0	"mg/day"	"new"	"no"	"no"	"yes"	NA	NA	""
"hdz-522"	326	"W326"	2024-09-15	"warble"	"yes"	"no"	"2677"	"F"	"2502"	"2496"	2017	"DUKE PRIM"	7	"no"	0	"yes"	"yes"	"yes"	"none"	"none"	0	"mg/day"	"new"	"no"	"no"	"yes"	NA	NA	""
