flow_cell_id,experiment_id,kit,barcode,alias,seqrun
FAX08980,hdz1,SQK-16S114-24,barcode01,HDZ-063-S1,hdz1
FAX08980,hdz1,SQK-16S114-24,barcode02,HDZ-064-S2,hdz1
FAX08980,hdz1,SQK-16S114-24,barcode03,HDZ-004-S3,hdz1
FAX08980,hdz1,SQK-16S114-24,barcode04,HDZ-065-S4,hdz1
FAX08980,hdz1,SQK-16S114-24,barcode05,HDZ-066-S5,hdz1
FAX08980,hdz1,SQK-16S114-24,barcode06,HDZ-030-S6,hdz1
FAX08980,hdz1,SQK-16S114-24,barcode07,HDZ-021-S7,hdz1
FAX08980,hdz1,SQK-16S114-24,barcode08,HDZ-013-S8,hdz1
FAX08980,hdz1,SQK-16S114-24,barcode09,HDZ-067-S9,hdz1
FAX08980,hdz1,SQK-16S114-24,barcode10,HDZ-011-S10,hdz1
FAX08980,hdz1,SQK-16S114-24,barcode11,HDZ-005-S11,hdz1
FAX08980,hdz1,SQK-16S114-24,barcode12,HDZ-020-S12,hdz1
FAX08980,hdz1,SQK-16S114-24,barcode13,HDZ-019-S13,hdz1
FAX08980,hdz1,SQK-16S114-24,barcode14,HDZ-029-S14,hdz1
FAX08980,hdz1,SQK-16S114-24,barcode15,HDZ-026-S15,hdz1
FAX08980,hdz1,SQK-16S114-24,barcode16,HDZ-028-S16,hdz1
FAX08980,hdz1,SQK-16S114-24,barcode17,HDZ-025-S17,hdz1
FAX08980,hdz1,SQK-16S114-24,barcode18,HDZ-014-S18,hdz1
FAX08980,hdz1,SQK-16S114-24,barcode19,HDZ-024-S19,hdz1
FAX08980,hdz1,SQK-16S114-24,barcode20,HDZ-023-S20,hdz1
FAX08980,hdz1,SQK-16S114-24,barcode21,HDZ-016-S21,hdz1
FAX08980,hdz1,SQK-16S114-24,barcode22,HDZ-055-S22,hdz1
FAX08980,hdz1,SQK-16S114-24,barcode23,HDZ-010-S23,hdz1
FAX08980,hdz1,SQK-16S114-24,barcode24,PL-NTC-001-CTRL,hdz1
AUD789,HDZ-PL-002,SQK-16S114-24,barcode01,HDZ-076-S24,hdz2
AUD789,HDZ-PL-002,SQK-16S114-24,barcode02,HDZ-079-S25,hdz2
AUD789,HDZ-PL-002,SQK-16S114-24,barcode03,HDZ-068-S26,hdz2
AUD789,HDZ-PL-002,SQK-16S114-24,barcode04,HDZ-078-S27,hdz2
AUD789,HDZ-PL-002,SQK-16S114-24,barcode05,HDZ-015-S28,hdz2
AUD789,HDZ-PL-002,SQK-16S114-24,barcode06,HDZ-070-S29,hdz2
AUD789,HDZ-PL-002,SQK-16S114-24,barcode07,HDZ-018-S30,hdz2
AUD789,HDZ-PL-002,SQK-16S114-24,barcode08,HDZ-022-S31,hdz2
AUD789,HDZ-PL-002,SQK-16S114-24,barcode09,HDZ-027-S32,hdz2
AUD789,HDZ-PL-002,SQK-16S114-24,barcode10,HDZ-039-S33,hdz2
AUD789,HDZ-PL-002,SQK-16S114-24,barcode11,HDZ-072-S34,hdz2
AUD789,HDZ-PL-002,SQK-16S114-24,barcode12,HDZ-084-S35,hdz2
AUD789,HDZ-PL-002,SQK-16S114-24,barcode13,HDZ-028-S36,hdz2
AUD789,HDZ-PL-002,SQK-16S114-24,barcode14,HDZ-030-S37,hdz2
AUD789,HDZ-PL-002,SQK-16S114-24,barcode15,PL-NTC-002-CTRL,hdz2
AUD789,HDZ-PL-002,SQK-16S114-24,barcode16,HDZ-077-S38,hdz2
AUD789,HDZ-PL-002,SQK-16S114-24,barcode17,HDZ-083-S39,hdz2
AUD789,HDZ-PL-002,SQK-16S114-24,barcode18,HDZ-081-S40,hdz2
AUD789,HDZ-PL-002,SQK-16S114-24,barcode19,HDZ-082-S41,hdz2
AUD789,HDZ-PL-002,SQK-16S114-24,barcode20,HDZ-086-S42,hdz2
AUD789,HDZ-PL-002,SQK-16S114-24,barcode21,HDZ-033-S43,hdz2
AUD789,HDZ-PL-002,SQK-16S114-24,barcode22,HDZ-034-S44,hdz2
AUD789,HDZ-PL-002,SQK-16S114-24,barcode23,HDZ-038-S45,hdz2
AUD789,HDZ-PL-002,SQK-16S114-24,barcode24,HDZ-032-S46,hdz2
AUA949,HDZ-PL-003,SQK-16S114-24,barcode01,HDZ-177-S47,hdz3
AUA949,HDZ-PL-003,SQK-16S114-24,barcode02,HDZ-046-S48,hdz3
AUA949,HDZ-PL-003,SQK-16S114-24,barcode03,HDZ-045-S49,hdz3
AUA949,HDZ-PL-003,SQK-16S114-24,barcode04,HDZ-052-S50,hdz3
AUA949,HDZ-PL-003,SQK-16S114-24,barcode05,HDZ-176-S51,hdz3
AUA949,HDZ-PL-003,SQK-16S114-24,barcode06,HDZ-182-S52,hdz3
AUA949,HDZ-PL-003,SQK-16S114-24,barcode07,HDZ-041-S53,hdz3
AUA949,HDZ-PL-003,SQK-16S114-24,barcode08,HDZ-051-S54,hdz3
AUA949,HDZ-PL-003,SQK-16S114-24,barcode09,HDZ-107-S55,hdz3
AUA949,HDZ-PL-003,SQK-16S114-24,barcode10,HDZ-191-S56,hdz3
AUA949,HDZ-PL-003,SQK-16S114-24,barcode11,HDZ-101-S57,hdz3
AUA949,HDZ-PL-003,SQK-16S114-24,barcode12,HDZ-168-S58,hdz3
AUA949,HDZ-PL-003,SQK-16S114-24,barcode13,HDZ-190-S59,hdz3
AUA949,HDZ-PL-003,SQK-16S114-24,barcode14,HDZ-108-S60,hdz3
AUA949,HDZ-PL-003,SQK-16S114-24,barcode15,HDZ-175-S61,hdz3
AUA949,HDZ-PL-003,SQK-16S114-24,barcode16,HDZ-188-S62,hdz3
AUA949,HDZ-PL-003,SQK-16S114-24,barcode17,HDZ-058-S63,hdz3
AUA949,HDZ-PL-003,SQK-16S114-24,barcode18,HDZ-089-S64,hdz3
AUA949,HDZ-PL-003,SQK-16S114-24,barcode19,HDZ-093-S65,hdz3
AUA949,HDZ-PL-003,SQK-16S114-24,barcode20,HDZ-094-S66,hdz3
AUA949,HDZ-PL-003,SQK-16S114-24,barcode21,HDZ-155-S67,hdz3
AUA949,HDZ-PL-003,SQK-16S114-24,barcode22,HDZ-156-S68,hdz3
AUA949,HDZ-PL-003,SQK-16S114-24,barcode23,HDZ-104-S69,hdz3
AUA949,HDZ-PL-003,SQK-16S114-24,barcode24,PL-NTC-003-CTRL,hdz3
AUD364,HDZ-PL-004,SQK-16S114-24,barcode01,HDZ-193-S70,hdz4
AUD364,HDZ-PL-004,SQK-16S114-24,barcode02,HDZ-187-S71,hdz4
AUD364,HDZ-PL-004,SQK-16S114-24,barcode03,HDZ-099-S72,hdz4
AUD364,HDZ-PL-004,SQK-16S114-24,barcode04,HDZ-186-S73,hdz4
AUD364,HDZ-PL-004,SQK-16S114-24,barcode05,HDZ-181-S74,hdz4
AUD364,HDZ-PL-004,SQK-16S114-24,barcode06,HDZ-192-S75,hdz4
AUD364,HDZ-PL-004,SQK-16S114-24,barcode07,HDZ-196-S76,hdz4
AUD364,HDZ-PL-004,SQK-16S114-24,barcode08,HDZ-161-S77,hdz4
AUD364,HDZ-PL-004,SQK-16S114-24,barcode09,HDZ-087-S78,hdz4
AUD364,HDZ-PL-004,SQK-16S114-24,barcode10,HDZ-071-S79,hdz4
AUD364,HDZ-PL-004,SQK-16S114-24,barcode11,HDZ-060-S80,hdz4
AUD364,HDZ-PL-004,SQK-16S114-24,barcode12,HDZ-219-S81,hdz4
AUD364,HDZ-PL-004,SQK-16S114-24,barcode13,HDZ-163-S82,hdz4
AUD364,HDZ-PL-004,SQK-16S114-24,barcode14,HDZ-106-S83,hdz4
AUD364,HDZ-PL-004,SQK-16S114-24,barcode15,HDZ-183-S84,hdz4
AUD364,HDZ-PL-004,SQK-16S114-24,barcode16,HDZ-220-S85,hdz4
AUD364,HDZ-PL-004,SQK-16S114-24,barcode17,HDZ-199-S86,hdz4
AUD364,HDZ-PL-004,SQK-16S114-24,barcode18,HDZ-194-S87,hdz4
AUD364,HDZ-PL-004,SQK-16S114-24,barcode19,HDZ-198-S88,hdz4
AUD364,HDZ-PL-004,SQK-16S114-24,barcode20,HDZ-217-S89,hdz4
AUD364,HDZ-PL-004,SQK-16S114-24,barcode21,HDZ-221-S90,hdz4
AUD364,HDZ-PL-004,SQK-16S114-24,barcode22,HDZ-097-S91,hdz4
AUD364,HDZ-PL-004,SQK-16S114-24,barcode23,HDZ-085-S92,hdz4
AUD364,HDZ-PL-004,SQK-16S114-24,barcode24,PL-NTC-004-CTRL,hdz4
AVI712,HDZ-PL-005,SQK-16S114-24,barcode01,HDZ-002-S93,hdz5
AVI712,HDZ-PL-005,SQK-16S114-24,barcode02,HDZ-036-S94,hdz5
AVI712,HDZ-PL-005,SQK-16S114-24,barcode03,HDZ-096-S95,hdz5
AVI712,HDZ-PL-005,SQK-16S114-24,barcode04,HDZ-102-S96,hdz5
AVI712,HDZ-PL-005,SQK-16S114-24,barcode05,HDZ-105-S97,hdz5
AVI712,HDZ-PL-005,SQK-16S114-24,barcode06,HDZ-179-S98,hdz5
AVI712,HDZ-PL-005,SQK-16S114-24,barcode07,HDZ-180-S99,hdz5
AVI712,HDZ-PL-005,SQK-16S114-24,barcode08,HDZ-200-S100,hdz5
AVI712,HDZ-PL-005,SQK-16S114-24,barcode09,HDZ-205-S101,hdz5
AVI712,HDZ-PL-005,SQK-16S114-24,barcode10,HDZ-207-S102,hdz5
AVI712,HDZ-PL-005,SQK-16S114-24,barcode11,HDZ-208-S103,hdz5
AVI712,HDZ-PL-005,SQK-16S114-24,barcode12,HDZ-209-S104,hdz5
AVI712,HDZ-PL-005,SQK-16S114-24,barcode13,HDZ-210-S105,hdz5
AVI712,HDZ-PL-005,SQK-16S114-24,barcode14,HDZ-211-S106,hdz5
AVI712,HDZ-PL-005,SQK-16S114-24,barcode15,HDZ-213-S107,hdz5
AVI712,HDZ-PL-005,SQK-16S114-24,barcode16,HDZ-215-S108,hdz5
AVI712,HDZ-PL-005,SQK-16S114-24,barcode17,HDZ-222-S109,hdz5
AVI712,HDZ-PL-005,SQK-16S114-24,barcode18,HDZ-301-S110,hdz5
AVI712,HDZ-PL-005,SQK-16S114-24,barcode19,HDZ-302-S111,hdz5
AVI712,HDZ-PL-005,SQK-16S114-24,barcode20,HDZ-303-S112,hdz5
AVI712,HDZ-PL-005,SQK-16S114-24,barcode21,HDZ-304-S113,hdz5
AVI712,HDZ-PL-005,SQK-16S114-24,barcode22,HDZ-305-S114,hdz5
AVI712,HDZ-PL-005,SQK-16S114-24,barcode23,HDZ-306-S115,hdz5
AVI712,HDZ-PL-005,SQK-16S114-24,barcode24,PL-NTC-005-CTRL,hdz5
AVI490,HDZ-PL-006,SQK-16S114-24,barcode01,HDZ-307-S116,hdz6
AVI490,HDZ-PL-006,SQK-16S114-24,barcode02,HDZ-308-S117,hdz6
AVI490,HDZ-PL-006,SQK-16S114-24,barcode03,HDZ-309-S118,hdz6
AVI490,HDZ-PL-006,SQK-16S114-24,barcode04,HDZ-310-S119,hdz6
AVI490,HDZ-PL-006,SQK-16S114-24,barcode05,HDZ-311-S120,hdz6
AVI490,HDZ-PL-006,SQK-16S114-24,barcode06,HDZ-312-S121,hdz6
AVI490,HDZ-PL-006,SQK-16S114-24,barcode07,HDZ-223-S122,hdz6
AVI490,HDZ-PL-006,SQK-16S114-24,barcode08,HDZ-224-S123,hdz6
AVI490,HDZ-PL-006,SQK-16S114-24,barcode09,HDZ-226-S124,hdz6
AVI490,HDZ-PL-006,SQK-16S114-24,barcode10,HDZ-313-S125,hdz6
AVI490,HDZ-PL-006,SQK-16S114-24,barcode11,HDZ-314-S126,hdz6
AVI490,HDZ-PL-006,SQK-16S114-24,barcode12,HDZ-315-S127,hdz6
AVI490,HDZ-PL-006,SQK-16S114-24,barcode13,HDZ-227-S128,hdz6
AVI490,HDZ-PL-006,SQK-16S114-24,barcode14,HDZ-228-S129,hdz6
AVI490,HDZ-PL-006,SQK-16S114-24,barcode15,HDZ-229-S130,hdz6
AVI490,HDZ-PL-006,SQK-16S114-24,barcode16,HDZ-320-S131,hdz6
AVI490,HDZ-PL-006,SQK-16S114-24,barcode17,HDZ-321-S132,hdz6
AVI490,HDZ-PL-006,SQK-16S114-24,barcode18,HDZ-322-S133,hdz6
AVI490,HDZ-PL-006,SQK-16S114-24,barcode19,HDZ-323-S134,hdz6
AVI490,HDZ-PL-006,SQK-16S114-24,barcode20,HDZ-324-S135,hdz6
AVI490,HDZ-PL-006,SQK-16S114-24,barcode21,HDZ-325-S136,hdz6
AVI490,HDZ-PL-006,SQK-16S114-24,barcode22,HDZ-326-S137,hdz6
AVI490,HDZ-PL-006,SQK-16S114-24,barcode23,HDZ-327-S138,hdz6
AVI490,HDZ-PL-006,SQK-16S114-24,barcode24,PL-NTC-006-CTRL,hdz6
AVH171,HDZ-PL-007,SQK-16S114-24,barcode01,HDZ-206-S139,hdz7
AVH171,HDZ-PL-007,SQK-16S114-24,barcode02,HDZ-240-S140,hdz7
AVH171,HDZ-PL-007,SQK-16S114-24,barcode03,HDZ-241-S141,hdz7
AVH171,HDZ-PL-007,SQK-16S114-24,barcode04,HDZ-242-S142,hdz7
AVH171,HDZ-PL-007,SQK-16S114-24,barcode05,HDZ-243-S143,hdz7
AVH171,HDZ-PL-007,SQK-16S114-24,barcode06,HDZ-244-S144,hdz7
AVH171,HDZ-PL-007,SQK-16S114-24,barcode07,HDZ-245-S145,hdz7
AVH171,HDZ-PL-007,SQK-16S114-24,barcode08,HDZ-246-S146,hdz7
AVH171,HDZ-PL-007,SQK-16S114-24,barcode09,HDZ-247-S147,hdz7
AVH171,HDZ-PL-007,SQK-16S114-24,barcode10,HDZ-248-S148,hdz7
AVH171,HDZ-PL-007,SQK-16S114-24,barcode11,HDZ-249-S149,hdz7
AVH171,HDZ-PL-007,SQK-16S114-24,barcode12,HDZ-250-S150,hdz7
AVH171,HDZ-PL-007,SQK-16S114-24,barcode13,HDZ-251-S151,hdz7
AVH171,HDZ-PL-007,SQK-16S114-24,barcode14,HDZ-252-S152,hdz7
AVH171,HDZ-PL-007,SQK-16S114-24,barcode15,HDZ-253-S153,hdz7
AVH171,HDZ-PL-007,SQK-16S114-24,barcode16,HDZ-254-S154,hdz7
AVH171,HDZ-PL-007,SQK-16S114-24,barcode17,HDZ-317-S155,hdz7
AVH171,HDZ-PL-007,SQK-16S114-24,barcode18,HDZ-318-S156,hdz7
AVH171,HDZ-PL-007,SQK-16S114-24,barcode19,HDZ-319-S157,hdz7
AVH171,HDZ-PL-007,SQK-16S114-24,barcode20,HDZ-328-S158,hdz7
AVH171,HDZ-PL-007,SQK-16S114-24,barcode21,HDZ-336-S159,hdz7
AVH171,HDZ-PL-007,SQK-16S114-24,barcode22,HDZ-337-S160,hdz7
AVH171,HDZ-PL-007,SQK-16S114-24,barcode23,HDZ-338-S161,hdz7
AVH171,HDZ-PL-007,SQK-16S114-24,barcode24,PL-NTC-007-CTRL,hdz7
AVP307,PL8-9,SQK-16S114-24,barcode01,HDZ-258-S162,hdz8
AVP307,PL8-9,SQK-16S114-24,barcode02,HDZ-259-S163,hdz8
AVP307,PL8-9,SQK-16S114-24,barcode03,HDZ-260-S164,hdz8
AVP307,PL8-9,SQK-16S114-24,barcode04,HDZ-262-S165,hdz8
AVP307,PL8-9,SQK-16S114-24,barcode05,HDZ-263-S166,hdz8
AVP307,PL8-9,SQK-16S114-24,barcode06,HDZ-264-S167,hdz8
AVP307,PL8-9,SQK-16S114-24,barcode07,HDZ-332-S168,hdz8
AVP307,PL8-9,SQK-16S114-24,barcode08,HDZ-333-S169,hdz8
AVP307,PL8-9,SQK-16S114-24,barcode09,HDZ-341-S170,hdz8
AVP307,PL8-9,SQK-16S114-24,barcode10,HDZ-342-S171,hdz8
AVP307,PL8-9,SQK-16S114-24,barcode11,HDZ-343-S172,hdz8
AVP307,PL8-9,SQK-16S114-24,barcode12,HDZ-349-S173,hdz8
AVP307,PL8-9,SQK-16S114-24,barcode13,HDZ-350-S174,hdz8
AVP307,PL8-9,SQK-16S114-24,barcode14,HDZ-351-S175,hdz8
AVP307,PL8-9,SQK-16S114-24,barcode15,HDZ-352-S176,hdz8
AVP307,PL8-9,SQK-16S114-24,barcode16,HDZ-354-S177,hdz8
AVP307,PL8-9,SQK-16S114-24,barcode17,HDZ-355-S178,hdz8
AVP307,PL8-9,SQK-16S114-24,barcode18,HDZ-356-S179,hdz8
AVP307,PL8-9,SQK-16S114-24,barcode19,HDZ-357-S180,hdz8
AVP307,PL8-9,SQK-16S114-24,barcode20,HDZ-358-S181,hdz8
AVP307,PL8-9,SQK-16S114-24,barcode21,HDZ-359-S182,hdz8
AVP307,PL8-9,SQK-16S114-24,barcode22,HDZ-360-S183,hdz8
AVP307,PL8-9,SQK-16S114-24,barcode23,HDZ-361-S184,hdz8
AVP307,PL8-9,SQK-16S114-24,barcode24,PL-NTC-008-CTRL,hdz8
AWN500,PL8-9,SQK-16S114-24,barcode01,HDZ-035-S185,hdz9
AWN500,PL8-9,SQK-16S114-24,barcode02,HDZ-037-S186,hdz9
AWN500,PL8-9,SQK-16S114-24,barcode03,HDZ-040-S187,hdz9
AWN500,PL8-9,SQK-16S114-24,barcode04,HDZ-042-S188,hdz9
AWN500,PL8-9,SQK-16S114-24,barcode05,HDZ-044-S189,hdz9
AWN500,PL8-9,SQK-16S114-24,barcode06,HDZ-047-S190,hdz9
AWN500,PL8-9,SQK-16S114-24,barcode07,HDZ-053-S191,hdz9
AWN500,PL8-9,SQK-16S114-24,barcode08,HDZ-054-S192,hdz9
AWN500,PL8-9,SQK-16S114-24,barcode09,HDZ-069-S193,hdz9
AWN500,PL8-9,SQK-16S114-24,barcode10,HDZ-073-S194,hdz9
AWN500,PL8-9,SQK-16S114-24,barcode11,HDZ-164-S195,hdz9
AWN500,PL8-9,SQK-16S114-24,barcode12,HDZ-165-S196,hdz9
AWN500,PL8-9,SQK-16S114-24,barcode13,HDZ-166-S197,hdz9
AWN500,PL8-9,SQK-16S114-24,barcode14,HDZ-167-S198,hdz9
AWN500,PL8-9,SQK-16S114-24,barcode15,HDZ-178-S199,hdz9
AWN500,PL8-9,SQK-16S114-24,barcode16,HDZ-189-S200,hdz9
AWN500,PL8-9,SQK-16S114-24,barcode17,HDZ-195-S201,hdz9
AWN500,PL8-9,SQK-16S114-24,barcode18,HDZ-197-S202,hdz9
AWN500,PL8-9,SQK-16S114-24,barcode19,HDZ-203-S203,hdz9
AWN500,PL8-9,SQK-16S114-24,barcode20,HDZ-218-S204,hdz9
AWN500,PL8-9,SQK-16S114-24,barcode21,HDZ-265-S205,hdz9
AWN500,PL8-9,SQK-16S114-24,barcode22,HDZ-415-S206,hdz9
AWN500,PL8-9,SQK-16S114-24,barcode23,HDZ-420-S207,hdz9
AWN500,PL8-9,SQK-16S114-24,barcode24,PL-NTC-009-CTRL,hdz9
AXK913,PL10-11,NA,barcode01,HDZ-362-S208,hdz10
AXK913,PL10-11,NA,barcode02,HDZ-363-S209,hdz10
AXK913,PL10-11,NA,barcode03,HDZ-364-S210,hdz10
AXK913,PL10-11,NA,barcode04,HDZ-365-S211,hdz10
AXK913,PL10-11,NA,barcode05,HDZ-366-S212,hdz10
AXK913,PL10-11,NA,barcode06,HDZ-367-S213,hdz10
AXK913,PL10-11,NA,barcode07,HDZ-368-S214,hdz10
AXK913,PL10-11,NA,barcode08,HDZ-369-S215,hdz10
AXK913,PL10-11,NA,barcode09,HDZ-370-S216,hdz10
AXK913,PL10-11,NA,barcode10,HDZ-371-S217,hdz10
AXK913,PL10-11,NA,barcode11,HDZ-372-S218,hdz10
AXK913,PL10-11,NA,barcode12,HDZ-373-S219,hdz10
AXK913,PL10-11,NA,barcode13,HDZ-416-S220,hdz10
AXK913,PL10-11,NA,barcode14,HDZ-417-S221,hdz10
AXK913,PL10-11,NA,barcode15,HDZ-421-S222,hdz10
AXK913,PL10-11,NA,barcode16,HDZ-423-S223,hdz10
AXK913,PL10-11,NA,barcode17,HDZ-424-S224,hdz10
AXK913,PL10-11,NA,barcode18,HDZ-425-S225,hdz10
AXK913,PL10-11,NA,barcode19,HDZ-426-S226,hdz10
AXK913,PL10-11,NA,barcode20,HDZ-431-S227,hdz10
AXK913,PL10-11,NA,barcode21,HDZ-432-S228,hdz10
AXK913,PL10-11,NA,barcode22,HDZ-433-S229,hdz10
AXK913,PL10-11,NA,barcode23,HDZ-434-S230,hdz10
AXK913,PL10-11,NA,barcode24,PL-NTC-010-CTRL,hdz10
AVN953,HDZ-PL011,NA,barcode01,HDZ-001-S231,hdz11
AVN953,HDZ-PL011,NA,barcode02,HDZ-050-S232,hdz11
AVN953,HDZ-PL011,NA,barcode03,HDZ-057-S233,hdz11
AVN953,HDZ-PL011,NA,barcode04,HDZ-088-S234,hdz11
AVN953,HDZ-PL011,NA,barcode05,HDZ-090-S235,hdz11
AVN953,HDZ-PL011,NA,barcode06,HDZ-091-S236,hdz11
AVN953,HDZ-PL011,NA,barcode07,HDZ-092-S237,hdz11
AVN953,HDZ-PL011,NA,barcode08,HDZ-098-S238,hdz11
AVN953,HDZ-PL011,NA,barcode09,HDZ-103-S239,hdz11
AVN953,HDZ-PL011,NA,barcode10,HDZ-109-S240,hdz11
AVN953,HDZ-PL011,NA,barcode11,HDZ-157-S241,hdz11
AVN953,HDZ-PL011,NA,barcode12,HDZ-160-S242,hdz11
AVN953,HDZ-PL011,NA,barcode13,HDZ-162-S243,hdz11
AVN953,HDZ-PL011,NA,barcode14,HDZ-169-S244,hdz11
AVN953,HDZ-PL011,NA,barcode15,HDZ-170-S245,hdz11
AVN953,HDZ-PL011,NA,barcode16,HDZ-173-S246,hdz11
AVN953,HDZ-PL011,NA,barcode17,HDZ-174-S247,hdz11
AVN953,HDZ-PL011,NA,barcode18,HDZ-184-S248,hdz11
AVN953,HDZ-PL011,NA,barcode19,HDZ-204-S249,hdz11
AVN953,HDZ-PL011,NA,barcode20,HDZ-212-S250,hdz11
AVN953,HDZ-PL011,NA,barcode21,HDZ-214-S251,hdz11
AVN953,HDZ-PL011,NA,barcode22,HDZ-339-S252,hdz11
AVN953,HDZ-PL011,NA,barcode23,HDZ-437-S253,hdz11
AVN953,HDZ-PL011,NA,barcode24,PL-NTC-011-CTRL,hdz11
AVN769,PL12-13,SQK-16S114-24,barcode01,HDZ-266-S254,hdz12
AVN769,PL12-13,SQK-16S114-24,barcode02,HDZ-267-S255,hdz12
AVN769,PL12-13,SQK-16S114-24,barcode03,HDZ-316-S256,hdz12
AVN769,PL12-13,SQK-16S114-24,barcode04,HDZ-335-S257,hdz12
AVN769,PL12-13,SQK-16S114-24,barcode05,HDZ-345-S258,hdz12
AVN769,PL12-13,SQK-16S114-24,barcode06,HDZ-348-S259,hdz12
AVN769,PL12-13,SQK-16S114-24,barcode07,HDZ-383-S260,hdz12
AVN769,PL12-13,SQK-16S114-24,barcode08,HDZ-384-S261,hdz12
AVN769,PL12-13,SQK-16S114-24,barcode09,HDZ-385-S262,hdz12
AVN769,PL12-13,SQK-16S114-24,barcode10,HDZ-386-S263,hdz12
AVN769,PL12-13,SQK-16S114-24,barcode11,HDZ-387-S264,hdz12
AVN769,PL12-13,SQK-16S114-24,barcode12,HDZ-388-S265,hdz12
AVN769,PL12-13,SQK-16S114-24,barcode13,HDZ-389-S266,hdz12
AVN769,PL12-13,SQK-16S114-24,barcode14,HDZ-390-S267,hdz12
AVN769,PL12-13,SQK-16S114-24,barcode15,HDZ-391-S268,hdz12
AVN769,PL12-13,SQK-16S114-24,barcode16,HDZ-392-S269,hdz12
AVN769,PL12-13,SQK-16S114-24,barcode17,HDZ-393-S270,hdz12
AVN769,PL12-13,SQK-16S114-24,barcode18,HDZ-394-S271,hdz12
AVN769,PL12-13,SQK-16S114-24,barcode19,HDZ-395-S272,hdz12
AVN769,PL12-13,SQK-16S114-24,barcode20,HDZ-396-S273,hdz12
AVN769,PL12-13,SQK-16S114-24,barcode21,HDZ-397-S274,hdz12
AVN769,PL12-13,SQK-16S114-24,barcode22,HDZ-438-S275,hdz12
AVN769,PL12-13,SQK-16S114-24,barcode23,HDZ-439-S276,hdz12
AVN769,PL12-13,SQK-16S114-24,barcode24,PL-NTC-012-CTRL,hdz12
AVP114,PL12-13,SQK-16S114-24,barcode01,HDZ-230-S277,hdz13
AVP114,PL12-13,SQK-16S114-24,barcode02,HDZ-231-S278,hdz13
AVP114,PL12-13,SQK-16S114-24,barcode03,HDZ-232-S279,hdz13
AVP114,PL12-13,SQK-16S114-24,barcode04,HDZ-233-S280,hdz13
AVP114,PL12-13,SQK-16S114-24,barcode05,HDZ-234-S281,hdz13
AVP114,PL12-13,SQK-16S114-24,barcode06,HDZ-235-S282,hdz13
AVP114,PL12-13,SQK-16S114-24,barcode07,HDZ-236-S283,hdz13
AVP114,PL12-13,SQK-16S114-24,barcode08,HDZ-374-S284,hdz13
AVP114,PL12-13,SQK-16S114-24,barcode09,HDZ-375-S285,hdz13
AVP114,PL12-13,SQK-16S114-24,barcode10,HDZ-376-S286,hdz13
AVP114,PL12-13,SQK-16S114-24,barcode11,HDZ-377-S287,hdz13
AVP114,PL12-13,SQK-16S114-24,barcode12,HDZ-378-S288,hdz13
AVP114,PL12-13,SQK-16S114-24,barcode13,HDZ-379-S289,hdz13
AVP114,PL12-13,SQK-16S114-24,barcode14,HDZ-380-S290,hdz13
AVP114,PL12-13,SQK-16S114-24,barcode15,HDZ-422-S291,hdz13
AVP114,PL12-13,SQK-16S114-24,barcode16,HDZ-430-S292,hdz13
AVP114,PL12-13,SQK-16S114-24,barcode17,HDZ-440-S293,hdz13
AVP114,PL12-13,SQK-16S114-24,barcode18,HDZ-442-S294,hdz13
AVP114,PL12-13,SQK-16S114-24,barcode19,HDZ-443-S295,hdz13
AVP114,PL12-13,SQK-16S114-24,barcode20,HDZ-444-S296,hdz13
AVP114,PL12-13,SQK-16S114-24,barcode21,HDZ-445-S297,hdz13
AVP114,PL12-13,SQK-16S114-24,barcode22,HDZ-448-S298,hdz13
AVP114,PL12-13,SQK-16S114-24,barcode23,HDZ-449-S299,hdz13
AVP114,PL12-13,SQK-16S114-24,barcode24,PL-NTC-013-CTRL,hdz13
AVP124,PL014,SQK-16S114-24,barcode01,HDZ-095-S300,hdz14
AVP124,PL014,SQK-16S114-24,barcode02,HDZ-158-S301,hdz14
AVP124,PL014,SQK-16S114-24,barcode03,HDZ-159-S302,hdz14
AVP124,PL014,SQK-16S114-24,barcode04,HDZ-171-S303,hdz14
AVP124,PL014,SQK-16S114-24,barcode05,HDZ-172-S304,hdz14
AVP124,PL014,SQK-16S114-24,barcode06,HDZ-237-S305,hdz14
AVP124,PL014,SQK-16S114-24,barcode07,HDZ-238-S306,hdz14
AVP124,PL014,SQK-16S114-24,barcode08,HDZ-239-S307,hdz14
AVP124,PL014,SQK-16S114-24,barcode09,HDZ-268-S308,hdz14
AVP124,PL014,SQK-16S114-24,barcode10,HDZ-269-S309,hdz14
AVP124,PL014,SQK-16S114-24,barcode11,HDZ-270-S310,hdz14
AVP124,PL014,SQK-16S114-24,barcode12,HDZ-271-S311,hdz14
AVP124,PL014,SQK-16S114-24,barcode13,HDZ-272-S312,hdz14
AVP124,PL014,SQK-16S114-24,barcode14,HDZ-273-S313,hdz14
AVP124,PL014,SQK-16S114-24,barcode15,HDZ-274-S314,hdz14
AVP124,PL014,SQK-16S114-24,barcode16,HDZ-329-S315,hdz14
AVP124,PL014,SQK-16S114-24,barcode17,HDZ-344-S316,hdz14
AVP124,PL014,SQK-16S114-24,barcode18,HDZ-346-S317,hdz14
AVP124,PL014,SQK-16S114-24,barcode19,HDZ-347-S318,hdz14
AVP124,PL014,SQK-16S114-24,barcode20,HDZ-412-S319,hdz14
AVP124,PL014,SQK-16S114-24,barcode21,HDZ-413-S320,hdz14
AVP124,PL014,SQK-16S114-24,barcode22,HDZ-414-S321,hdz14
AVP124,PL014,SQK-16S114-24,barcode23,HDZ-450-S322,hdz14
AVP124,PL014,SQK-16S114-24,barcode24,PL-NTC-014-CTRL,hdz14
AVN883,PL015,SQK-16S114-24,barcode01,HDZ-330-S323,hdz15
AVN883,PL015,SQK-16S114-24,barcode02,HDZ-331-S324,hdz15
AVN883,PL015,SQK-16S114-24,barcode03,HDZ-334-S325,hdz15
AVN883,PL015,SQK-16S114-24,barcode04,HDZ-340-S326,hdz15
AVN883,PL015,SQK-16S114-24,barcode05,HDZ-381-S327,hdz15
AVN883,PL015,SQK-16S114-24,barcode06,HDZ-382-S328,hdz15
AVN883,PL015,SQK-16S114-24,barcode07,HDZ-398-S329,hdz15
AVN883,PL015,SQK-16S114-24,barcode08,HDZ-399-S330,hdz15
AVN883,PL015,SQK-16S114-24,barcode09,HDZ-400-S331,hdz15
AVN883,PL015,SQK-16S114-24,barcode10,HDZ-401-S332,hdz15
AVN883,PL015,SQK-16S114-24,barcode11,HDZ-402-S333,hdz15
AVN883,PL015,SQK-16S114-24,barcode12,HDZ-403-S334,hdz15
AVN883,PL015,SQK-16S114-24,barcode13,HDZ-405-S335,hdz15
AVN883,PL015,SQK-16S114-24,barcode14,HDZ-406-S336,hdz15
AVN883,PL015,SQK-16S114-24,barcode15,HDZ-407-S337,hdz15
AVN883,PL015,SQK-16S114-24,barcode16,HDZ-408-S338,hdz15
AVN883,PL015,SQK-16S114-24,barcode17,HDZ-409-S339,hdz15
AVN883,PL015,SQK-16S114-24,barcode18,HDZ-441-S340,hdz15
AVN883,PL015,SQK-16S114-24,barcode19,HDZ-446-S341,hdz15
AVN883,PL015,SQK-16S114-24,barcode20,HDZ-447-S342,hdz15
AVN883,PL015,SQK-16S114-24,barcode21,HDZ-451-S343,hdz15
AVN883,PL015,SQK-16S114-24,barcode22,HDZ-452-S344,hdz15
AVN883,PL015,SQK-16S114-24,barcode23,HDZ-453-S345,hdz15
AVN883,PL015,SQK-16S114-24,barcode24,PL-NTC-015-CTRL,hdz15
AVU071,PL016,SQK-16S114-24,barcode01,HDZ-049-E1-S346,hdz16
AVU071,PL016,SQK-16S114-24,barcode02,HDZ-201-E1-S347,hdz16
AVU071,PL016,SQK-16S114-24,barcode03,HDZ-202-E1-S348,hdz16
AVU071,PL016,SQK-16S114-24,barcode04,HDZ-410-E1-S349,hdz16
AVU071,PL016,SQK-16S114-24,barcode05,HDZ-411-E1-S350,hdz16
AVU071,PL016,SQK-16S114-24,barcode06,HDZ-418-E1-S351,hdz16
AVU071,PL016,SQK-16S114-24,barcode07,HDZ-419-E1-S352,hdz16
AVU071,PL016,SQK-16S114-24,barcode08,HDZ-427-E1-S353,hdz16
AVU071,PL016,SQK-16S114-24,barcode09,HDZ-428-E1-S354,hdz16
AVU071,PL016,SQK-16S114-24,barcode10,HDZ-429-E1-S355,hdz16
AVU071,PL016,SQK-16S114-24,barcode11,HDZ-435-E1-S356,hdz16
AVU071,PL016,SQK-16S114-24,barcode12,HDZ-436-E1-S357,hdz16
AVU071,PL016,SQK-16S114-24,barcode13,HDZ-454-E1-S358,hdz16
AVU071,PL016,SQK-16S114-24,barcode14,HDZ-455-E1-S359,hdz16
AVU071,PL016,SQK-16S114-24,barcode15,HDZ-456-E1-S360,hdz16
AVU071,PL016,SQK-16S114-24,barcode16,HDZ-457-E1-S361,hdz16
AVU071,PL016,SQK-16S114-24,barcode17,HDZ-458-E1-S362,hdz16
AVU071,PL016,SQK-16S114-24,barcode18,HDZ-459-E1-S363,hdz16
AVU071,PL016,SQK-16S114-24,barcode19,HDZ-460-E1-S364,hdz16
AVU071,PL016,SQK-16S114-24,barcode20,HDZ-467-E1-S365,hdz16
AVU071,PL016,SQK-16S114-24,barcode21,HDZ-468-E1-S366,hdz16
AVU071,PL016,SQK-16S114-24,barcode22,HDZ-469-E1-S367,hdz16
AVU071,PL016,SQK-16S114-24,barcode23,HDZ-470-E1-S368,hdz16
AVU071,PL016,SQK-16S114-24,barcode24,PL-NTC-016-CTRL,hdz16
AWD070,HDZ-PL-017,SQK-16S114-24,barcode01,HDZ-461-S369,hdz17
AWD070,HDZ-PL-017,SQK-16S114-24,barcode02,HDZ-462-S370,hdz17
AWD070,HDZ-PL-017,SQK-16S114-24,barcode03,HDZ-463-S371,hdz17
AWD070,HDZ-PL-017,SQK-16S114-24,barcode04,HDZ-464-S372,hdz17
AWD070,HDZ-PL-017,SQK-16S114-24,barcode05,HDZ-465-S373,hdz17
AWD070,HDZ-PL-017,SQK-16S114-24,barcode06,HDZ-466-S374,hdz17
AWD070,HDZ-PL-017,SQK-16S114-24,barcode07,HDZ-473-S375,hdz17
AWD070,HDZ-PL-017,SQK-16S114-24,barcode08,HDZ-474-S376,hdz17
AWD070,HDZ-PL-017,SQK-16S114-24,barcode09,HDZ-475-S377,hdz17
AWD070,HDZ-PL-017,SQK-16S114-24,barcode10,HDZ-476-S378,hdz17
AWD070,HDZ-PL-017,SQK-16S114-24,barcode11,HDZ-477-S379,hdz17
AWD070,HDZ-PL-017,SQK-16S114-24,barcode12,HDZ-478-S380,hdz17
AWD070,HDZ-PL-017,SQK-16S114-24,barcode13,HDZ-479-S381,hdz17
AWD070,HDZ-PL-017,SQK-16S114-24,barcode14,HDZ-480-S382,hdz17
AWD070,HDZ-PL-017,SQK-16S114-24,barcode15,HDZ-481-S383,hdz17
AWD070,HDZ-PL-017,SQK-16S114-24,barcode16,HDZ-482-S384,hdz17
AWD070,HDZ-PL-017,SQK-16S114-24,barcode17,HDZ-483-S385,hdz17
AWD070,HDZ-PL-017,SQK-16S114-24,barcode18,HDZ-484-S386,hdz17
AWD070,HDZ-PL-017,SQK-16S114-24,barcode19,HDZ-485-S387,hdz17
AWD070,HDZ-PL-017,SQK-16S114-24,barcode20,HDZ-486-S388,hdz17
AWD070,HDZ-PL-017,SQK-16S114-24,barcode21,HDZ-487-S389,hdz17
AWD070,HDZ-PL-017,SQK-16S114-24,barcode22,HDZ-488-S390,hdz17
AWD070,HDZ-PL-017,SQK-16S114-24,barcode23,HDZ-489-S391,hdz17
AWD070,HDZ-PL-017,SQK-16S114-24,barcode24,PL-NTC-017-CTRL,hdz17
AWC828,PL018,SQK-16S114-24,barcode01,HDZ-490-S392,hdz18
AWC828,PL018,SQK-16S114-24,barcode02,HDZ-491-S393,hdz18
AWC828,PL018,SQK-16S114-24,barcode03,HDZ-492-S394,hdz18
AWC828,PL018,SQK-16S114-24,barcode04,HDZ-493-S395,hdz18
AWC828,PL018,SQK-16S114-24,barcode05,HDZ-494-S396,hdz18
AWC828,PL018,SQK-16S114-24,barcode06,HDZ-495-S397,hdz18
AWC828,PL018,SQK-16S114-24,barcode07,HDZ-496-S398,hdz18
AWC828,PL018,SQK-16S114-24,barcode08,HDZ-497-S399,hdz18
AWC828,PL018,SQK-16S114-24,barcode09,HDZ-498-S400,hdz18
AWC828,PL018,SQK-16S114-24,barcode10,HDZ-499-S401,hdz18
AWC828,PL018,SQK-16S114-24,barcode11,HDZ-500-S402,hdz18
AWC828,PL018,SQK-16S114-24,barcode12,HDZ-501-S403,hdz18
AWC828,PL018,SQK-16S114-24,barcode13,HDZ-502-S404,hdz18
AWC828,PL018,SQK-16S114-24,barcode14,HDZ-503-S405,hdz18
AWC828,PL018,SQK-16S114-24,barcode15,HDZ-504-S406,hdz18
AWC828,PL018,SQK-16S114-24,barcode16,HDZ-506-S407,hdz18
AWC828,PL018,SQK-16S114-24,barcode17,HDZ-507-S408,hdz18
AWC828,PL018,SQK-16S114-24,barcode18,HDZ-508-S409,hdz18
AWC828,PL018,SQK-16S114-24,barcode19,HDZ-509-S410,hdz18
AWC828,PL018,SQK-16S114-24,barcode20,HDZ-510-S411,hdz18
AWC828,PL018,SQK-16S114-24,barcode21,HDZ-517-S412,hdz18
AWC828,PL018,SQK-16S114-24,barcode22,HDZ-522-S413,hdz18
AWC828,PL018,SQK-16S114-24,barcode23,HDZ-525-S414,hdz18
AWC828,PL018,SQK-16S114-24,barcode24,PL-NTC-018-CTRL,hdz18
